ПІБ,Пільги,Бал з математики,Бал з англійської,Бал з української,Рейтинг,Рішення
Олег Олениш,False,196,188,197,193.9,зараховано
Ілля Ілляш,False,191,200,190,193.4,зараховано
Тетяна Загвойко,False,191,186,195,190.7,зараховано
Катерина Ілляш,False,197,183,189,190.4,зараховано
Софія Ніниш,False,197,185,180,188.3,зараховано
Віктор Володимириш,False,184,188,193,187.9,зараховано
Володимир Наталіїш,False,192,169,199,187.2,зараховано
Анастасія Іриниш,False,184,194,184,187.0,зараховано
Тетяна Лідіїш,False,195,175,187,186.6,зараховано
Анатолій Маріїш,False,196,182,176,185.8,зараховано
Катерина Ганниш,False,178,184,196,185.2,зараховано
Павло Сергіїш,False,189,194,171,185.10000000000002,зараховано
Лідія Вікторіш,False,176,185,197,185.0,зараховано
Іванна Романіш,False,188,171,195,185.0,зараховано
Роман Іриниш,False,177,193,186,184.5,зараховано
Ярослав Анатоліїш,False,194,174,181,184.10000000000002,зараховано
Оксана Ярославіш,False,196,192,160,184.0,зараховано
Петро Романіш,False,200,199,147,183.79999999999998,зараховано
Анастасія Іванниш,False,189,187,173,183.60000000000002,зараховано
Ольга Михайлиш,False,179,178,195,183.5,зараховано
Петро Загвойко,False,182,188,178,182.6,зараховано
Катерина Богданіш,False,159,197,199,182.39999999999998,зараховано
Ілля Романіш,False,175,192,181,181.89999999999998,зараховано
Роман Загвойко,False,189,161,193,181.8,зараховано
Артем Анниш,False,189,182,171,181.5,зараховано
Ніна Людмилиш,False,195,182,163,181.5,зараховано
Володимир Загвойко,False,200,177,158,180.5,зараховано
Володимир Анатоліїш,False,174,195,174,180.3,зараховано
Анна Вікторіїш,False,183,160,197,180.3,зараховано
Тарас Максиміш,False,192,195,149,180.0,зараховано
Марія Максиміш,False,197,170,167,179.9,зараховано
Ярослава Андріїш,False,194,189,152,179.9,зараховано
Лідія Наталіїш,False,194,198,143,179.9,зараховано
Ярослава Наталіїш,False,166,180,197,179.5,зараховано
Тетяна Ярославіш,False,192,152,190,179.4,зараховано
Анастасія Ковтун,False,161,199,184,179.29999999999998,зараховано
Дмитро Ігоріш,False,183,174,179,179.1,зараховано
Максим Іриниш,False,156,195,191,178.2,зараховано
Олена Ярославиш,False,194,155,180,178.10000000000002,зараховано
Анастасія Алібіба,False,200,136,191,178.1,зараховано
Тарас Ярославіш,False,165,172,200,177.6,зараховано
Роман Дмитріш,False,180,171,180,177.3,зараховано
Іванна Володимириш,False,191,161,175,177.2,зараховано
Михайло Михайлиш,False,199,196,129,177.1,зараховано
Іван Ніниш,False,175,157,200,177.1,зараховано
Олексій Вікторіш,False,185,173,170,176.9,зараховано
Іванна Оксаниш,False,165,180,188,176.4,зараховано
Олексій Неборачко,False,198,159,165,176.4,зараховано
Олена Олениш,True,154,195,187,176.2,зараховано
Ганна Неборачко,True,145,194,200,176.2,зараховано
Анна Іваниш,False,169,198,164,176.2,зараховано
Михайло Ігоріш,True,153,186,196,175.8,зараховано
Олександр Алібіба,True,159,193,181,175.8,зараховано
Наталія Михайлиш,True,166,187,177,175.6,зараховано
Анатолій Загвойко,False,197,156,166,175.4,зараховано
Тарас Анниш,False,197,193,128,175.10000000000002,зараховано
Анна Катериниш,True,185,163,174,175.1,зараховано
Оксана Ігоріш,True,172,196,158,175.0,зараховано
Ольга Володимириш,False,181,149,193,175.0,зараховано
Іван Сергіїш,True,190,134,196,175.0,зараховано
Оксана Артеміш,False,179,198,146,174.8,зараховано
Артем Вікторіїш,False,175,155,194,174.7,зараховано
Анна Андріїш,False,189,184,146,174.60000000000002,зараховано
Олена Андріїш,True,156,174,200,174.6,зараховано
Іван Людмилиш,False,156,189,185,174.6,зараховано
Ольга Богданіш,True,184,182,154,174.4,зараховано
Катерина Вікторіїш,False,140,196,198,174.2,зараховано
Петро Товтиш,True,200,193,121,174.2,зараховано
Юлія Ганниш,False,199,129,186,174.10000000000002,зараховано
Ярослава Катериниш,True,170,154,199,173.89999999999998,зараховано
Наталія Товтиш,True,191,164,161,173.89999999999998,зараховано
Юлія Володимириш,False,169,163,191,173.8,зараховано
Петро Іванниш,False,196,147,171,173.8,зараховано
Володимир Ярославиш,False,181,174,164,173.79999999999998,зараховано
Лідія Тарасіш,False,198,198,117,173.7,зараховано
Марія Тарасіш,False,177,184,159,173.7,зараховано
Вікторія Ігоріш,True,162,192,171,173.7,зараховано
Ніна Анатоліїш,True,161,171,193,173.6,зараховано
Михайло Тетяниш,False,151,197,180,173.5,зараховано
Анатолій Андріїш,False,184,134,199,173.5,зараховано
Іван Олениш,True,198,181,133,173.4,зараховано
Артем Дмитріш,False,197,178,137,173.3,зараховано
Тетяна Ніниш,True,155,176,195,173.3,зараховано
Ольга Іванниш,False,160,185,179,173.2,зараховано
Іван Наталіїш,True,174,167,178,173.10000000000002,зараховано
Олександр Вікторіїш,True,164,183,175,173.0,зараховано
Наталія Ярославиш,True,180,160,176,172.8,зараховано
Вікторія Іриниш,False,168,160,192,172.8,зараховано
Ігор Іваниш,True,195,141,175,172.8,зараховано
Максим Богданіш,True,198,143,169,172.79999999999998,зараховано
Богдан Наталіїш,False,194,169,148,172.70000000000002,зараховано
Ніна Алібіба,False,191,177,144,172.7,зараховано
Ярослава Олександріш,False,178,191,147,172.6,зараховано
Павло Андріїш,True,189,158,165,172.5,зараховано
Юлія Людмилиш,True,180,144,191,172.5,зараховано
Павло Ковтун,True,189,163,160,172.5,зараховано
Анастасія Михайлиш,False,200,185,123,172.4,зараховано
Ігор Анатоліїш,True,185,177,151,172.39999999999998,зараховано
Ірина Дмитріш,True,146,189,191,172.39999999999998,зараховано
Марія Дмитришенко,True,188,168,156,172.39999999999998,зараховано
Віктор Дмитріш,False,175,145,196,172.3,зараховано
Лідія Олександріш,False,184,165,164,172.3,зараховано
Богдан Вікторіш,False,166,172,181,172.3,зараховано
Олена Олексіїш,True,184,195,134,172.3,зараховано
Ілля Наталіїш,False,190,156,165,172.3,зараховано
Олег Ковтун,True,174,163,179,172.2,зараховано
Олексій Михайлиш,False,177,165,173,172.2,зараховано
Дмитро Артеміш,False,194,190,125,172.10000000000002,зараховано
Андрій Оксаниш,True,188,154,169,172.1,зараховано
Юлія Артеміш,True,175,183,157,172.0,зараховано
Вікторія Неборачко,True,193,116,200,172.0,зараховано
Роман Ніниш,False,151,194,178,172.0,зараховано
Віктор Лідіїш,True,174,158,183,171.9,зараховано
Михайло Ніниш,True,140,188,198,171.8,зараховано
Вікторія Ярославіш,True,160,191,168,171.7,зараховано
Ірина Ніниш,False,174,195,145,171.60000000000002,зараховано
Дмитро Олексіїш,True,192,158,158,171.60000000000002,зараховано
Олексій Людмилиш,False,171,154,190,171.6,зараховано
Богдан Анниш,True,199,161,145,171.4,зараховано
Ніна Товтиш,False,199,126,180,171.4,зараховано
Андрій Ілляш,False,196,141,169,171.4,зараховано
Ігор Ярославиш,True,171,166,177,171.3,зараховано
Ніна Іванниш,True,189,165,154,171.3,зараховано
Ольга Вікторіїш,False,144,200,179,171.29999999999998,зараховано
Максим Іваниш,False,197,185,123,171.20000000000002,зараховано
Катерина Лідіїш,True,192,130,184,171.0,зараховано
Юлія Лідіїш,False,168,150,196,171.0,зараховано
Ярослав Романіш,False,186,135,187,171.0,зараховано
Анатолій Тарасіш,False,171,149,193,171.0,зараховано
Іванна Михайлиш,False,200,153,150,170.9,зараховано
Людмила Анатоліїш,True,187,174,146,170.8,зараховано
Вікторія Дмитріш,False,172,161,179,170.79999999999998,зараховано
Роман Анниш,True,192,143,170,170.70000000000002,зараховано
Анна Дмитріш,False,152,189,177,170.6,зараховано
Артем Олениш,False,188,188,130,170.6,зараховано
Ніна Маріїш,False,175,199,136,170.5,зараховано
Дмитро Олегіш,False,189,126,190,170.4,зараховано
Сергій Олександріш,True,141,196,184,170.4,зараховано
Ольга Анатоліїш,False,165,167,181,170.39999999999998,зараховано
Михайло Людмилиш,False,164,188,161,170.3,зараховано
Ольга Максиміш,False,200,181,120,170.3,зараховано
Ілля Анатоліїш,True,191,169,144,170.29999999999998,зараховано
Віктор Дмитришенко,True,200,184,117,170.29999999999998,зараховано
Людмила Маріїш,False,177,137,194,170.1,зараховано
Ніна Михайлиш,True,165,165,182,170.1,зараховано
Анастасія Софіїш,True,177,178,153,170.1,зараховано
Віктор Ганниш,False,198,145,158,170.1,зараховано
Анатолій Наталіїш,False,197,107,197,170.0,зараховано
Наталія Володимириш,True,166,152,193,169.9,зараховано
Катерина Олексіїш,True,172,176,161,169.89999999999998,зараховано
Юлія Андріїш,False,190,122,191,169.89999999999998,зараховано
Михайло Оксаниш,False,183,191,131,169.8,зараховано
Оксана Маріїш,False,180,142,184,169.79999999999998,зараховано
Дмитро Тарасіш,False,149,192,175,169.7,зараховано
Богдан Ковтун,True,140,199,180,169.7,зараховано
Наталія Оксаниш,True,169,150,190,169.60000000000002,зараховано
Марія Людмилиш,True,181,144,180,169.6,зараховано
Олександр Ковтун,True,187,170,146,169.6,зараховано
Сергій Тетяниш,False,187,139,177,169.6,зараховано
Тетяна Ігоріш,True,177,180,149,169.5,зараховано
Іванна Олександріш,False,194,195,111,169.40000000000003,зараховано
Марта Ніниш,True,149,194,172,169.4,зараховано
Михайло Неборачко,False,197,131,171,169.4,зараховано
Анастасія Вікторіїш,True,183,127,193,169.20000000000002,зараховано
Олена Наталіїш,True,171,146,190,169.2,зараховано
Роман Михайлиш,True,164,199,146,169.10000000000002,зараховано
Ілля Дмитришенко,False,146,195,174,169.1,зараховано
Тетяна Іванниш,True,199,154,144,169.0,зараховано
Марта Наталіїш,True,192,122,185,168.9,зараховано
Іванна Алібіба,False,183,182,137,168.9,зараховано
Ігор Ілляш,False,180,179,144,168.89999999999998,зараховано
Ярослава Лідіїш,True,161,200,148,168.8,зараховано
Ілля Максиміш,False,182,141,179,168.79999999999998,зараховано
Анатолій Людмилиш,True,154,189,168,168.7,зараховано
Петро Олениш,False,180,196,126,168.60000000000002,зараховано
Дмитро Алібіба,False,192,136,170,168.60000000000002,зараховано
Людмила Ковтун,True,165,199,143,168.6,зараховано
Володимир Олениш,True,183,153,165,168.6,зараховано
Петро Людмилиш,False,144,172,198,168.6,зараховано
Наталія Дмитришенко,True,175,175,153,168.4,зараховано
Наталія Романіш,True,193,156,148,168.4,зараховано
Андрій Ярославіш,True,195,146,155,168.3,зараховано
Оксана Катериниш,False,173,179,151,168.2,зараховано
Богдан Богданіш,True,199,141,154,168.1,зараховано
Дмитро Андріїш,False,199,193,102,168.1,зараховано
Анатолій Ігоріш,False,198,132,164,168.0,зараховано
Анастасія Неборачко,True,183,188,128,168.0,зараховано
Ярослав Товтиш,False,162,182,162,168.0,зараховано
Анна Сергіїш,True,180,172,148,168.0,зараховано
Михайло Ганниш,False,162,191,153,168.0,зараховано
Ніна Наталіїш,False,153,159,197,168.0,зараховано
Людмила Олексіїш,True,170,169,164,167.89999999999998,зараховано
Олександр Лідіїш,False,181,123,195,167.8,зараховано
Дмитро Іваниш,True,175,181,145,167.8,зараховано
Ніна Загвойко,True,171,148,183,167.70000000000002,зараховано
Марта Тарасіш,False,171,187,144,167.7,зараховано
Лідія Дмитришенко,True,200,119,173,167.6,зараховано
Роман Олександріш,False,165,151,187,167.4,зараховано
Ірина Вікторіш,True,189,157,149,167.4,зараховано
Ярослава Людмилиш,True,174,181,145,167.4,зараховано
Сергій Ярославиш,False,147,168,194,167.4,зараховано
Максим Тетяниш,False,189,126,180,167.4,зараховано
Олексій Товтиш,False,147,182,179,167.1,зараховано
Ярослав Богданіш,True,173,193,133,167.0,зараховано
Віктор Загвойко,True,142,192,175,166.9,зараховано
Анастасія Ігоріш,False,142,169,198,166.9,зараховано
Віктор Богданіш,False,175,190,133,166.9,зараховано
Катерина Іваниш,False,166,168,167,166.9,зараховано
Ніна Анниш,False,196,166,129,166.89999999999998,зараховано
Лідія Іриниш,False,190,139,164,166.89999999999998,зараховано
Анатолій Катериниш,True,177,175,145,166.8,зараховано
Оксана Наталіїш,False,156,192,156,166.8,зараховано
Олександр Олексіїш,False,167,134,199,166.7,зараховано
Ігор Петріш,False,167,181,152,166.7,зараховано
Катерина Маріїш,True,184,187,123,166.60000000000002,зараховано
Ярослава Іваниш,True,187,143,163,166.6,зараховано
Катерина Товтиш,True,163,166,172,166.6,зараховано
Оксана Андріїш,False,186,162,145,166.5,зараховано
Олена Софіїш,True,176,164,156,166.39999999999998,зараховано
Ярослава Анниш,False,149,197,159,166.39999999999998,зараховано
Олексій Дмитришенко,False,184,179,130,166.3,зараховано
Софія Маріїш,False,187,157,148,166.3,зараховано
Олександр Сергіїш,True,198,107,183,166.20000000000002,зараховано
Петро Маріїш,False,165,193,141,166.2,зараховано
Андрій Алібіба,False,189,173,129,166.2,зараховано
Володимир Богданіш,False,189,146,156,166.2,зараховано
Тарас Маріїш,True,161,145,194,166.1,зараховано
Ілля Катериниш,True,185,175,132,166.1,зараховано
Олексій Катериниш,True,188,116,187,166.1,зараховано
Тарас Ніниш,False,146,190,169,166.1,зараховано
Ніна Оксаниш,True,187,131,173,166.0,зараховано
Олена Тетяниш,True,192,103,194,165.9,зараховано
Вікторія Ганниш,True,195,165,128,165.9,зараховано
Іванна Олегіш,False,174,140,181,165.9,зараховано
Ірина Товтиш,True,144,185,176,165.89999999999998,зараховано
Михайло Анниш,False,184,182,125,165.70000000000002,зараховано
Анна Анатоліїш,True,199,182,105,165.70000000000002,зараховано
Олексій Анниш,True,196,179,112,165.7,зараховано
Ігор Ковтун,True,192,152,144,165.6,зараховано
Олександр Андріїш,False,167,141,188,165.5,зараховано
Вікторія Товтиш,True,190,127,171,165.39999999999998,зараховано
Олександр Наталіїш,True,162,149,186,165.3,зараховано
Ярослав Дмитришенко,False,167,137,191,165.2,зараховано
Павло Софіїш,False,161,159,177,165.2,зараховано
Сергій Загвойко,False,173,143,177,165.2,зараховано
Тарас Ковтун,False,160,191,146,165.1,зараховано
Андрій Романіш,True,171,190,132,165.0,зараховано
Олег Олегіш,True,150,154,196,165.0,зараховано
Ольга Дмитришенко,False,189,124,174,165.0,зараховано
Ярослава Сергіїш,False,183,137,169,165.0,зараховано
Ганна Тетяниш,True,179,143,168,164.9,зараховано
Наталія Максиміш,True,173,140,179,164.9,зараховано
Іванна Неборачко,True,176,117,198,164.9,зараховано
Наталія Андріїш,True,149,162,189,164.9,зараховано
Сергій Лідіїш,False,166,152,176,164.8,зараховано
Юлія Сергіїш,True,190,157,139,164.79999999999998,зараховано
Петро Ярославиш,False,157,141,199,164.79999999999998,зараховано
Лідія Ілляш,False,168,153,172,164.7,зараховано
Іван Ковтун,False,159,164,173,164.7,зараховано
Катерина Дмитришенко,True,195,121,168,164.7,зараховано
Володимир Романіш,True,181,164,143,164.5,зараховано
Роман Олексіїш,True,166,154,173,164.5,зараховано
Людмила Дмитришенко,True,183,157,147,164.4,зараховано
Марта Анатоліїш,True,183,189,115,164.4,зараховано
Ярослав Лідіїш,True,168,190,134,164.4,зараховано
Михайло Олександріш,True,150,155,193,164.4,зараховано
Людмила Ілляш,True,179,182,127,164.3,зараховано
Максим Олександріш,True,179,137,172,164.3,зараховано
Тарас Тетяниш,False,169,132,190,164.20000000000002,зараховано
Марта Вікторіїш,True,163,178,152,164.2,зараховано
Богдан Людмилиш,True,154,176,166,164.2,зараховано
Марія Андріїш,True,148,176,174,164.2,зараховано
Ірина Володимириш,False,171,170,149,164.1,зараховано
Олег Олександріш,False,144,161,194,164.1,зараховано
Людмила Михайлиш,False,153,199,144,164.1,зараховано
Олександр Катериниш,False,141,186,173,164.1,зараховано
Тетяна Олександріш,True,167,152,172,164.0,зараховано
Анастасія Маріїш,False,194,171,117,164.0,зараховано
Марта Петріш,False,194,174,114,164.0,зараховано
Олексій Софіїш,False,173,162,154,164.0,зараховано
Катерина Тарасіш,False,170,198,122,164.0,зараховано
Іван Дмитріш,True,190,142,151,163.89999999999998,зараховано
Олексій Дмитріш,False,190,144,149,163.89999999999998,зараховано
Ганна Романіш,True,159,143,191,163.8,зараховано
Олена Володимириш,False,186,109,189,163.79999999999998,зараховано
Марта Володимириш,False,182,196,107,163.7,зараховано
Іванна Катериниш,False,175,185,127,163.6,зараховано
Ілля Вікторіш,True,177,180,129,163.5,зараховано
Ярослава Ніниш,True,159,183,150,163.5,зараховано
Лідія Сергіїш,True,156,153,184,163.5,зараховано
Петро Максиміш,False,179,129,177,163.4,зараховано
Сергій Ігоріш,True,169,150,169,163.3,зараховано
Ніна Катериниш,True,180,135,169,163.2,зараховано
Олег Тарасіш,False,161,141,188,163.1,зараховано
Анна Іванниш,False,200,121,156,163.1,зараховано
Сергій Сергіїш,False,143,174,179,163.1,зараховано
Людмила Максиміш,True,161,160,169,163.1,зараховано
Сергій Іваниш,False,200,100,177,163.1,зараховано
Юлія Олениш,True,182,133,168,163.1,зараховано
Ілля Петріш,True,160,194,136,163.0,зараховано
Сергій Дмитришенко,True,169,178,140,163.0,зараховано
Михайло Лідіїш,False,181,192,110,163.0,зараховано
Артем Сергіїш,True,195,123,160,162.9,зараховано
Павло Петріш,False,159,174,157,162.9,зараховано
Софія Іваниш,True,200,169,107,162.79999999999998,зараховано
Артем Ярославіш,False,196,124,157,162.7,зараховано
Ніна Софіїш,False,166,157,164,162.7,зараховано
Вікторія Олегіш,False,156,172,162,162.6,зараховано
Богдан Анатоліїш,True,200,146,129,162.5,зараховано
Максим Романіш,False,164,155,168,162.5,зараховано
Ярослав Катериниш,False,158,152,179,162.5,зараховано
Анна Товтиш,False,181,165,135,162.4,зараховано
Максим Ярославіш,False,172,159,153,162.4,зараховано
Анатолій Іванниш,True,169,192,124,162.4,зараховано
Павло Вікторіїш,False,160,132,196,162.39999999999998,зараховано
Юлія Тарасіш,True,198,200,197,198.29999999999998,зараховано
Лідія Лідіїш,True,183,197,197,191.4,зараховано
Марта Неборачко,True,191,189,190,190.1,зараховано
Віктор Ігоріш,True,199,177,191,190.0,зараховано
Марія Іриниш,True,178,198,198,190.0,зараховано
Ярослав Софіїш,True,182,193,196,189.5,зараховано
Марія Михайлиш,True,194,193,180,189.5,зараховано
Іванна Андріїш,True,199,195,167,188.20000000000002,зараховано
Ілля Ганниш,True,174,190,200,186.60000000000002,зараховано
Дмитро Ілляш,True,192,176,189,186.3,зараховано
Олег Вікторіїш,True,182,183,195,186.2,зараховано
Тетяна Максиміш,True,195,196,156,183.60000000000002,зараховано
Катерина Наталіїш,True,189,178,181,183.3,зараховано
Тетяна Петріш,True,181,182,187,183.1,зараховано
Віктор Ярославиш,True,188,196,162,182.6,зараховано
Вікторія Ілляш,True,165,193,195,182.4,зараховано
Артем Іваниш,True,194,173,176,182.3,зараховано
Андрій Дмитришенко,True,186,187,167,180.6,зараховано
Ольга Ярославиш,True,188,195,156,180.5,зараховано
Олег Артеміш,True,184,185,171,180.40000000000003,зараховано
Ігор Лідіїш,True,193,191,152,180.1,зараховано
Володимир Вікторіїш,True,157,195,195,179.8,зараховано
Андрій Дмитріш,True,177,180,183,179.7,зараховано
Ганна Андріїш,True,175,165,200,179.5,зараховано
Іванна Наталіїш,True,166,188,189,179.5,зараховано
Ярослава Іванниш,True,196,179,156,178.89999999999998,зараховано
Дмитро Наталіїш,True,167,174,199,178.7,зараховано
Марія Алібіба,True,160,183,199,178.6,зараховано
Сергій Дмитріш,True,185,165,182,178.1,зараховано
Дмитро Богданіш,True,190,154,185,177.7,зараховано
Ганна Дмитріш,True,154,199,188,177.7,зараховано
Анатолій Ілляш,True,186,174,170,177.6,зараховано
Дмитро Вікторіїш,True,178,175,179,177.4,зараховано
Людмила Олександріш,True,177,179,174,176.7,зараховано
Олександр Іваниш,True,181,146,200,176.2,зараховано
Павло Лідіїш,True,134,195,200,172.1,незараховано
Роман Людмилиш,False,138,185,199,170.4,незараховано
Сергій Анатоліїш,True,139,200,182,170.2,незараховано
Ярослава Іриниш,True,138,193,190,170.1,незараховано
Оксана Загвойко,True,133,197,191,169.6,незараховано
Богдан Іванниш,False,137,195,185,168.8,незараховано
Іванна Анатоліїш,False,133,184,195,166.9,незараховано
Вікторія Ковтун,False,133,179,199,166.6,незараховано
Артем Артеміш,True,130,184,197,166.29999999999998,незараховано
Максим Максиміш,True,120,196,198,166.2,незараховано
Ганна Лідіїш,False,123,200,189,165.9,незараховано
Дмитро Олениш,True,138,172,196,165.60000000000002,незараховано
Ніна Андріїш,True,120,195,197,165.6,незараховано
Ірина Максиміш,True,138,189,179,165.6,незараховано
Ганна Ярославиш,True,135,195,177,165.6,незараховано
Ганна Артеміш,False,125,188,197,165.5,незараховано
Марія Артеміш,True,133,179,194,165.1,незараховано
Богдан Ігоріш,True,133,199,171,164.2,незараховано
Марта Андріїш,True,130,190,184,164.2,незараховано
Олексій Романіш,True,131,177,195,164.0,незараховано
Ілля Анниш,False,115,198,195,163.9,незараховано
Володимир Михайлиш,True,126,194,181,162.89999999999998,незараховано
Ольга Катериниш,True,118,192,193,162.7,незараховано
Ганна Олексіїш,False,117,187,199,162.6,незараховано
Катерина Ніниш,True,138,177,180,162.3,незараховано
Михайло Анатоліїш,True,126,182,191,162.3,незараховано
Анна Ігоріш,False,177,114,191,162.3,незараховано
Людмила Петріш,False,173,180,130,162.2,незараховано
Лідія Олексіїш,True,118,198,185,162.1,незараховано
Артем Михайлиш,False,175,134,173,162.1,незараховано
Олексій Артеміш,True,178,183,120,162.1,незараховано
Лідія Олениш,False,184,186,109,162.1,незараховано
Ганна Ярославіш,True,115,187,200,162.1,незараховано
Катерина Анниш,False,171,173,139,162.0,незараховано
Володимир Анниш,False,165,158,162,162.0,незараховано
Роман Тарасіш,True,171,182,130,162.0,незараховано
Наталія Ганниш,False,140,198,155,161.9,незараховано
Володимир Ганниш,True,163,136,186,161.8,незараховано
Олена Богданіш,True,192,137,146,161.7,незараховано
Тарас Софіїш,False,185,102,190,161.6,незараховано
Ганна Дмитришенко,True,167,142,174,161.6,незараховано
Іван Ярославиш,False,127,169,200,161.5,незараховано
Марта Алібіба,True,181,197,100,161.5,незараховано
Іванна Сергіїш,True,199,163,110,161.5,незараховано
Катерина Анатоліїш,False,175,193,112,161.5,незараховано
Софія Володимириш,False,177,122,180,161.4,незараховано
Анатолій Олександріш,False,189,154,132,161.4,незараховано
Олег Лідіїш,False,150,148,190,161.4,незараховано
Богдан Артеміш,False,156,156,174,161.4,незараховано
Дмитро Тетяниш,False,165,199,119,161.39999999999998,незараховано
Марта Людмилиш,False,182,153,142,161.29999999999998,незараховано
Іван Лідіїш,False,151,185,151,161.2,незараховано
Марія Дмитріш,True,138,177,176,161.10000000000002,незараховано
Роман Ганниш,True,165,128,189,161.1,незараховано
Володимир Оксаниш,False,159,162,163,161.1,незараховано
Ірина Наталіїш,False,176,143,159,161.0,незараховано
Анатолій Ярославіш,False,194,140,138,161.0,незараховано
Ярослав Загвойко,True,127,179,188,160.9,незараховано
Максим Наталіїш,False,193,107,172,160.9,незараховано
Софія Олениш,False,124,182,189,160.9,незараховано
Марта Ігоріш,True,151,182,153,160.9,незараховано
Анна Алібіба,True,192,159,121,160.8,незараховано
Ольга Сергіїш,False,162,179,141,160.8,незараховано
Максим Михайлиш,True,171,127,181,160.8,незараховано
Ярослав Артеміш,True,162,156,164,160.79999999999998,незараховано
Михайло Іванниш,False,144,145,199,160.79999999999998,незараховано
Артем Ярославиш,False,162,146,174,160.79999999999998,незараховано
Павло Оксаниш,False,186,174,114,160.79999999999998,незараховано
Людмила Тетяниш,False,193,126,152,160.6,незараховано
Олег Іриниш,True,187,141,145,160.6,незараховано
Ганна Людмилиш,False,144,200,143,160.5,незараховано
Дмитро Ярославиш,False,197,112,160,160.4,незараховано
Ілля Софіїш,True,191,167,113,160.4,незараховано
Анна Оксаниш,True,157,153,172,160.3,незараховано
Віктор Наталіїш,False,160,136,185,160.3,незараховано
Ігор Вікторіш,False,187,124,161,160.3,незараховано
Андрій Іванниш,False,178,186,111,160.3,незараховано
Максим Дмитріш,True,196,117,156,160.3,незараховано
Тарас Сергіїш,True,160,155,166,160.3,незараховано
Петро Артеміш,False,174,129,173,160.20000000000002,незараховано
Максим Анатоліїш,False,186,111,175,160.2,незараховано
Марія Ковтун,False,149,184,151,160.1,незараховано
Олег Вікторіш,False,139,159,189,160.0,незараховано
Богдан Дмитріш,False,199,124,144,160.0,незараховано
Анатолій Лідіїш,False,154,197,131,160.0,незараховано
Ніна Олениш,False,151,186,146,160.0,незараховано
Михайло Максиміш,True,186,132,153,159.9,незараховано
Ольга Неборачко,True,174,131,170,159.9,незараховано
Павло Максиміш,False,198,148,121,159.89999999999998,незараховано
Юлія Ярославиш,True,181,168,123,159.70000000000002,незараховано
Сергій Ілляш,True,151,169,162,159.7,незараховано
Артем Дмитришенко,False,136,175,176,159.7,незараховано
Оксана Тарасіш,False,163,189,126,159.7,незараховано
Лідія Ярославиш,False,183,147,141,159.60000000000002,незараховано
Іван Софіїш,False,152,155,174,159.5,незараховано
Іван Анатоліїш,False,140,168,177,159.5,незараховано
Ігор Олексіїш,False,191,102,175,159.5,незараховано
Сергій Богданіш,True,187,140,142,159.4,незараховано
Анна Володимириш,False,133,187,167,159.4,незараховано
Дмитро Петріш,True,190,110,168,159.4,незараховано
Анна Олениш,True,163,169,145,159.4,незараховано
Софія Алібіба,False,178,142,152,159.4,незараховано
Максим Андріїш,True,142,198,144,159.4,незараховано
Богдан Ярославіш,True,169,195,111,159.4,незараховано
Роман Алібіба,True,147,153,182,159.3,незараховано
Анна Іриниш,True,186,101,182,159.3,незараховано
Ольга Лідіїш,False,135,164,187,159.29999999999998,незараховано
Володимир Ярославіш,True,194,112,160,159.20000000000002,незараховано
Анастасія Ганниш,True,167,147,161,159.2,незараховано
Анастасія Андріїш,False,151,147,182,159.1,незараховано
Ярослава Олениш,True,178,193,100,159.1,незараховано
Марія Олексіїш,False,180,149,141,159.0,незараховано
Анна Софіїш,True,117,183,191,159.0,незараховано
Ірина Сергіїш,False,138,184,162,159.0,незараховано
Артем Людмилиш,False,165,196,114,159.0,незараховано
Олексій Іванниш,True,189,116,162,159.0,незараховано
Тетяна Маріїш,False,183,105,181,159.0,незараховано
Володимир Артеміш,True,189,177,101,159.0,незараховано
Дмитро Лідіїш,True,188,115,164,158.9,незараховано
Андрій Михайлиш,True,128,162,197,158.9,незараховано
Ганна Олениш,True,137,149,198,158.9,незараховано
Катерина Андріїш,True,160,174,142,158.79999999999998,незараховано
Андрій Загвойко,False,192,111,162,158.70000000000002,незараховано
Анна Петріш,False,192,109,164,158.7,незараховано
Анатолій Богданіш,False,158,142,176,158.60000000000002,незараховано
Дмитро Маріїш,False,131,194,160,158.6,незараховано
Павло Романіш,False,194,158,112,158.6,незараховано
Вікторія Сергіїш,True,194,118,152,158.6,незараховано
Анатолій Олениш,False,145,200,135,158.5,незараховано
Ніна Вікторіш,False,115,180,195,158.5,незараховано
Павло Людмилиш,True,159,197,119,158.39999999999998,незараховано
Ярослав Алібіба,True,155,181,140,158.3,незараховано
Іванна Іваниш,True,161,145,168,158.3,незараховано
Віктор Олегіш,True,149,157,172,158.3,незараховано
Тетяна Іриниш,False,143,165,172,158.3,незараховано
Ніна Дмитришенко,False,187,173,105,158.2,незараховано
Роман Олегіш,True,192,105,166,158.10000000000002,незараховано
Михайло Загвойко,True,171,195,104,158.1,незараховано
Лідія Іваниш,False,159,160,155,158.1,незараховано
Людмила Товтиш,True,168,138,165,158.1,незараховано
Ігор Артеміш,True,135,171,176,158.1,незараховано
Ірина Загвойко,True,155,156,164,158.0,незараховано
Олег Наталіїш,False,176,144,148,158.0,незараховано
Роман Вікторіїш,True,142,194,143,157.9,незараховано
Віктор Неборачко,True,190,153,120,157.9,незараховано
Тетяна Олениш,True,187,127,150,157.9,незараховано
Дмитро Загвойко,True,193,153,116,157.89999999999998,незараховано
Оксана Тетяниш,True,177,133,157,157.79999999999998,незараховано
Ярослав Іванниш,True,191,137,134,157.7,незараховано
Ігор Дмитришенко,True,158,126,189,157.7,незараховано
Андрій Ігоріш,False,167,157,146,157.7,незараховано
Людмила Андріїш,True,128,165,190,157.7,незараховано
Михайло Іваниш,False,166,110,194,157.6,незараховано
Дмитро Володимириш,False,178,116,172,157.6,незараховано
Олександр Софіїш,True,174,128,165,157.5,незараховано
Павло Ілляш,False,171,186,111,157.5,незараховано
Олександр Вікторіш,True,171,161,136,157.5,незараховано
Олена Дмитришенко,True,191,127,143,157.4,незараховано
Софія Артеміш,False,182,170,112,157.4,незараховано
Анна Неборачко,True,164,156,150,157.4,незараховано
Віктор Вікторіш,False,194,123,143,157.4,незараховано
Марія Володимириш,False,175,171,120,157.3,незараховано
Ігор Дмитріш,False,145,182,149,157.29999999999998,незараховано
Тетяна Софіїш,True,133,188,159,157.29999999999998,незараховано
Богдан Лідіїш,True,183,173,107,157.2,незараховано
Наталія Ігоріш,False,162,193,115,157.2,незараховано
Ніна Богданіш,False,138,163,177,157.2,незараховано
Ілля Тетяниш,True,168,185,115,157.2,незараховано
Олексій Алібіба,True,159,175,137,157.2,незараховано
Софія Оксаниш,True,126,170,186,157.2,незараховано
Оксана Оксаниш,False,188,117,156,157.10000000000002,незараховано
Дмитро Ковтун,True,134,188,157,157.1,незараховано
Анатолій Іриниш,False,149,185,140,157.1,незараховано
Богдан Петріш,False,185,172,105,157.1,незараховано
Олексій Сергіїш,False,170,127,170,157.1,незараховано
Ілля Іванниш,False,181,160,122,157.0,незараховано
Ігор Іриниш,True,124,198,160,157.0,незараховано
Іван Олексіїш,False,171,131,164,156.9,незараховано
Олексій Тетяниш,True,180,143,140,156.9,незараховано
Роман Маріїш,False,153,171,148,156.9,незараховано
Сергій Іриниш,True,171,168,127,156.9,незараховано
Анна Артеміш,False,186,134,141,156.89999999999998,незараховано
Вікторія Олексіїш,True,149,189,135,156.8,незараховано
Ілля Загвойко,True,146,154,174,156.79999999999998,незараховано
Андрій Анниш,False,110,179,197,156.79999999999998,незараховано
Софія Вікторіш,False,155,162,154,156.79999999999998,незараховано
Ілля Олександріш,True,166,190,111,156.7,незараховано
Ольга Романіш,True,178,150,135,156.7,незараховано
Ярослав Людмилиш,False,130,150,199,156.7,незараховано
Юлія Петріш,True,184,171,106,156.7,незараховано
Ірина Іванниш,True,183,153,125,156.6,незараховано
Іванна Анниш,False,159,166,144,156.6,незараховано
Олексій Петріш,True,168,125,173,156.6,незараховано
Ігор Тетяниш,False,168,103,195,156.6,незараховано
Тетяна Ковтун,False,143,154,177,156.5,незараховано
Ірина Артеміш,False,107,192,187,156.5,незараховано
Ірина Михайлиш,True,149,142,181,156.5,незараховано
Михайло Володимириш,True,185,175,100,156.5,незараховано
Павло Катериниш,True,146,129,198,156.5,незараховано
Софія Тетяниш,False,172,190,102,156.4,незараховано
Анатолій Ганниш,False,112,199,173,156.4,незараховано
Іван Романіш,True,106,183,197,156.4,незараховано
Ярослава Загвойко,True,141,170,163,156.3,незараховано
Ірина Тарасіш,False,198,100,157,156.3,незараховано
Олег Дмитришенко,False,159,175,134,156.29999999999998,незараховано
Іванна Товтиш,True,171,129,164,156.29999999999998,незараховано
Вікторія Петріш,True,137,143,195,156.2,незараховано
Ярослава Петріш,False,180,116,164,156.0,незараховано
Іванна Ігоріш,False,126,199,153,156.0,незараховано
Іван Загвойко,True,144,152,176,156.0,незараховано
Артем Тарасіш,True,141,138,194,156.0,незараховано
Марта Михайлиш,True,126,187,165,156.0,незараховано
Ярослава Ярославіш,True,194,145,116,155.9,незараховано
Роман Ярославіш,True,133,192,150,155.8,незараховано
Вікторія Вікторіш,True,148,181,141,155.8,незараховано
Анатолій Романіш,True,139,188,146,155.8,незараховано
Богдан Андріїш,True,169,190,104,155.8,незараховано
Олена Лідіїш,False,193,140,122,155.8,незараховано
Марта Іванниш,False,184,102,172,155.8,незараховано
Петро Софіїш,False,154,178,136,155.8,незараховано
Віктор Тарасіш,False,157,155,155,155.8,незараховано
Анастасія Сергіїш,True,157,169,141,155.8,незараховано
Олексій Іваниш,True,151,129,189,155.79999999999998,незараховано
Ольга Ганниш,True,111,183,188,155.70000000000002,незараховано
Артем Неборачко,False,171,174,117,155.7,незараховано
Катерина Максиміш,False,120,200,159,155.7,незараховано
Тетяна Володимириш,False,180,110,169,155.7,незараховано
Володимир Ігоріш,True,159,123,184,155.7,незараховано
Ярослав Маріїш,True,171,101,190,155.7,незараховано
Роман Максиміш,False,197,104,152,155.60000000000002,незараховано
Вікторія Андріїш,True,191,160,104,155.6,незараховано
Оксана Іваниш,False,160,177,128,155.5,незараховано
Ніна Сергіїш,True,160,200,105,155.5,незараховано
Володимир Неборачко,False,187,120,149,155.5,незараховано
Ганна Маріїш,False,192,156,106,155.4,незараховано
Іван Олегіш,True,180,106,172,155.4,незараховано
Анастасія Вікторіш,False,126,162,188,155.4,незараховано
Оксана Вікторіш,False,194,151,108,155.3,незараховано
Дмитро Максиміш,True,145,180,144,155.2,незараховано
Людмила Тарасіш,False,157,113,195,155.2,незараховано
Анастасія Богданіш,True,130,198,146,155.2,незараховано
Олександр Артеміш,True,156,127,182,155.1,незараховано
Людмила Людмилиш,True,170,115,175,155.0,незараховано
Вікторія Вікторіїш,False,185,116,154,155.0,незараховано
Іванна Ніниш,False,164,183,115,155.0,незараховано
Іван Петріш,False,164,143,155,155.0,незараховано
Володимир Катериниш,True,167,118,176,155.0,незараховано
Ярослава Алібіба,True,176,178,104,155.0,незараховано
Людмила Ярославіш,False,151,188,127,154.9,незараховано
Ярослава Анатоліїш,True,145,186,137,154.9,незараховано
Петро Вікторіїш,True,199,135,116,154.9,незараховано
Людмила Ігоріш,True,192,134,126,154.8,незараховано
Катерина Ковтун,False,159,191,113,154.8,незараховано
Ольга Олениш,True,144,169,155,154.8,незараховано
Максим Ніниш,True,180,162,114,154.79999999999998,незараховано
Тарас Андріїш,False,164,129,168,154.70000000000002,незараховано
Ярослав Михайлиш,True,122,162,191,154.7,незараховано
Тарас Ярославиш,True,169,140,150,154.60000000000002,незараховано
Марія Ярославиш,True,103,187,191,154.60000000000002,незараховано
Володимир Лідіїш,True,154,153,157,154.6,незараховано
Наталія Вікторіїш,True,151,192,122,154.6,незараховано
Анатолій Петріш,True,154,126,184,154.6,незараховано
Артем Оксаниш,True,183,139,132,154.5,незараховано
Сергій Ковтун,True,156,182,125,154.5,незараховано
Андрій Іваниш,True,143,170,154,154.4,незараховано
Ганна Ковтун,True,173,178,106,154.39999999999998,незараховано
Оксана Сергіїш,False,170,142,146,154.39999999999998,незараховано
Володимир Ніниш,True,142,152,173,154.3,незараховано
Юлія Богданіш,True,124,172,177,154.3,незараховано
Павло Артеміш,True,169,153,136,154.3,незараховано
Катерина Неборачко,True,174,125,157,154.20000000000002,незараховано
Оксана Богданіш,False,114,172,190,154.2,незараховано
Вікторія Олениш,False,165,133,161,154.2,незараховано
Анна Максиміш,True,105,193,181,154.2,незараховано
Оксана Володимириш,True,167,103,188,154.1,незараховано
Юлія Вікторіш,True,200,147,100,154.1,незараховано
Петро Петріш,False,176,135,144,154.1,незараховано
Іван Михайлиш,True,163,189,107,154.0,незараховано
Ігор Ніниш,True,121,152,200,154.0,незараховано
Олексій Загвойко,True,196,113,139,154.0,незараховано
Ольга Вікторіш,True,190,154,106,154.0,незараховано
Ганна Алібіба,False,168,152,137,153.9,незараховано
Ілля Іриниш,False,189,109,152,153.9,незараховано
Оксана Людмилиш,True,126,183,162,153.9,незараховано
Андрій Олегіш,True,180,110,163,153.9,незараховано
Тарас Оксаниш,False,150,198,115,153.9,незараховано
Анатолій Вікторіїш,False,107,175,195,153.8,незараховано
Анатолій Товтиш,False,116,199,159,153.79999999999998,незараховано
Анастасія Катериниш,True,178,132,143,153.70000000000002,незараховано
Вікторія Наталіїш,True,103,196,179,153.7,незараховано
Тарас Загвойко,True,156,179,125,153.6,незараховано
Вікторія Анниш,True,141,137,187,153.6,незараховано
Катерина Михайлиш,True,171,100,184,153.6,незараховано
Ніна Романіш,False,198,130,118,153.6,незараховано
Анастасія Романіш,False,185,101,164,153.5,незараховано
Богдан Володимириш,True,161,170,127,153.5,незараховано
Ігор Ігоріш,True,166,142,148,153.4,незараховано
Вікторія Тарасіш,False,160,171,127,153.4,незараховано
Лідія Софіїш,False,127,187,155,153.4,незараховано
Віктор Анатоліїш,True,133,138,196,153.39999999999998,незараховано
Артем Товтиш,True,174,149,130,153.3,незараховано
Петро Анниш,False,189,122,137,153.3,незараховано
Михайло Ярославіш,True,126,193,150,153.3,незараховано
Ігор Іванниш,True,198,112,135,153.3,незараховано
Тетяна Іваниш,True,155,184,120,153.2,незараховано
Ірина Іваниш,False,116,159,197,153.2,незараховано
Тетяна Алібіба,False,131,149,187,153.2,незараховано
Ірина Олександріш,True,128,143,197,153.2,незараховано
Софія Неборачко,True,148,132,181,153.10000000000002,незараховано
Анастасія Тетяниш,True,145,172,145,153.1,незараховано
Ганна Олександріш,True,175,161,116,153.1,незараховано
Ілля Тарасіш,False,115,167,190,153.1,незараховано
Михайло Дмитріш,False,175,159,118,153.1,незараховано
Андрій Вікторіїш,False,153,195,111,153.0,незараховано
Катерина Іриниш,True,129,149,189,153.0,незараховано
Оксана Ковтун,True,105,187,183,153.0,незараховано
Ірина Маріїш,True,156,154,148,153.0,незараховано
Артем Софіїш,False,186,113,149,153.0,незараховано
Лідія Загвойко,True,164,100,191,152.9,незараховано
Лідія Алібіба,True,104,193,178,152.9,незараховано
Олексій Ганниш,False,152,148,159,152.9,незараховано
Лідія Максиміш,False,148,155,157,152.8,незараховано
Анатолій Алібіба,True,141,148,173,152.70000000000002,незараховано
Іванна Маріїш,False,150,176,133,152.7,незараховано
Ольга Софіїш,False,135,186,143,152.7,незараховано
Анастасія Петріш,False,144,192,125,152.7,незараховано
Андрій Вікторіш,False,165,131,158,152.7,незараховано
Михайло Андріїш,True,147,162,151,152.7,незараховано
Ольга Алібіба,True,122,180,166,152.60000000000002,незараховано
Ілля Ігоріш,True,185,102,160,152.6,незараховано
Петро Наталіїш,False,140,156,166,152.6,незараховано
Олександр Дмитріш,False,160,119,176,152.5,незараховано
Артем Тетяниш,True,181,128,139,152.5,незараховано
Марія Сергіїш,True,172,179,100,152.5,незараховано
Андрій Сергіїш,True,147,137,175,152.4,незараховано
Олексій Олениш,True,119,152,197,152.3,незараховано
Ганна Олегіш,True,188,133,124,152.29999999999998,незараховано
Ірина Олегіш,False,166,145,141,152.2,незараховано
Наталія Наталіїш,False,175,109,165,152.2,незараховано
Володимир Іванниш,False,154,187,115,152.2,незараховано
Іван Ілляш,True,118,171,179,152.2,незараховано
Артем Олексіїш,False,174,149,126,152.10000000000002,незараховано
Олег Михайлиш,True,141,134,185,152.1,незараховано
Лідія Ігоріш,False,171,160,119,152.1,незараховано
Оксана Лідіїш,True,162,175,116,152.1,незараховано
Петро Ніниш,True,141,124,195,152.1,незараховано
Анастасія Дмитришенко,True,185,116,144,152.0,незараховано
Іванна Ярославиш,True,148,174,135,151.9,незараховано
Ірина Софіїш,False,172,172,105,151.9,незараховано
Дмитро Дмитришенко,False,142,135,182,151.9,незараховано
Дмитро Ніниш,False,136,175,150,151.9,незараховано
Ярослава Ігоріш,False,109,198,163,151.9,незараховано
Анатолій Вікторіш,False,166,104,181,151.9,незараховано
Наталія Тарасіш,True,151,120,185,151.9,незараховано
Ілля Лідіїш,False,106,189,176,151.89999999999998,незараховано
Олена Іриниш,True,114,184,170,151.8,незараховано
Оксана Олениш,True,159,162,132,151.8,незараховано
Сергій Іванниш,False,140,119,200,151.7,незараховано
Ірина Неборачко,False,104,167,200,151.7,незараховано
Ярослава Товтиш,False,137,128,195,151.7,незараховано
Олена Маріїш,False,157,160,136,151.60000000000002,незараховано
Ольга Дмитріш,True,186,118,139,151.5,незараховано
Олена Катериниш,True,183,110,151,151.5,незараховано
Лідія Артеміш,True,183,106,155,151.5,незараховано
Олексій Олегіш,False,104,173,193,151.4,незараховано
Катерина Оксаниш,True,113,177,177,151.4,незараховано
Марія Ярославіш,False,116,187,163,151.4,незараховано
Ярослава Ілляш,False,199,120,119,151.3,незараховано
Ярослав Сергіїш,True,127,184,151,151.3,незараховано
Роман Наталіїш,True,160,177,114,151.29999999999998,незараховано
Ольга Тетяниш,True,103,178,189,151.29999999999998,незараховано
Олена Оксаниш,True,111,198,158,151.20000000000002,незараховано
Лідія Андріїш,False,162,105,183,151.2,незараховано
Іван Дмитришенко,True,159,186,106,151.2,незараховано
Ілля Оксаниш,True,198,126,114,151.2,незараховано
Софія Загвойко,True,156,174,122,151.2,незараховано
Анастасія Ніниш,True,173,153,120,151.1,незараховано
Сергій Олексіїш,True,119,162,183,151.1,незараховано
Богдан Дмитришенко,False,122,196,145,151.1,незараховано
Іван Тарасіш,False,191,139,110,151.1,незараховано
Оксана Петріш,True,158,113,180,151.1,незараховано
Ярослава Ганниш,True,131,182,147,151.1,незараховано
Оксана Неборачко,True,121,153,189,151.0,незараховано
Михайло Олегіш,False,121,163,179,151.0,незараховано
Катерина Сергіїш,True,139,168,150,151.0,незараховано
Ольга Іриниш,False,165,155,128,150.9,незараховано
Софія Михайлиш,False,185,108,148,150.8,незараховано
Софія Петріш,False,161,163,125,150.8,незараховано
Богдан Загвойко,False,140,193,123,150.8,незараховано
Богдан Оксаниш,True,137,121,199,150.79999999999998,незараховано
Анатолій Олегіш,True,125,142,194,150.79999999999998,незараховано
Володимир Алібіба,True,151,180,121,150.7,незараховано
Іван Тетяниш,False,124,178,159,150.7,незараховано
Анастасія Іваниш,False,102,175,191,150.60000000000002,незараховано
Артем Олександріш,True,138,153,165,150.6,незараховано
Юлія Іриниш,True,119,175,168,150.5,незараховано
Олег Іванниш,True,167,173,106,150.5,незараховано
Максим Ковтун,True,155,151,144,150.5,незараховано
Михайло Вікторіш,False,163,184,100,150.4,незараховано
Максим Іванниш,True,115,199,149,150.39999999999998,незараховано
Юлія Неборачко,True,102,194,171,150.3,незараховано
Софія Іриниш,False,156,180,113,150.3,незараховано
Сергій Олегіш,False,108,169,188,150.3,незараховано
Наталія Неборачко,True,150,165,136,150.3,незараховано
Ярослава Неборачко,True,156,103,190,150.3,незараховано
Ірина Тетяниш,True,140,152,162,150.2,незараховано
Тарас Іваниш,False,128,159,171,150.2,незараховано
Оксана Олексіїш,True,137,149,169,150.2,незараховано
Анна Вікторіш,False,141,153,159,150.0,незараховано
Юлія Ярославіш,True,192,109,135,150.0,незараховано
Олена Ілляш,False,192,111,133,150.0,незараховано
Наталія Анниш,False,162,161,123,150.0,незараховано
Лідія Вікторіїш,False,134,151,170,149.9,незараховано
Ольга Маріїш,False,172,115,155,149.8,незараховано
Петро Олексіїш,False,151,145,153,149.8,незараховано
Артем Іриниш,True,154,161,133,149.8,незараховано
Володимир Маріїш,False,166,104,174,149.8,незараховано
Богдан Тарасіш,False,196,112,126,149.8,незараховано
Максим Олексіїш,False,138,197,118,149.7,незараховано
Ігор Катериниш,False,146,148,156,149.60000000000002,незараховано
Ірина Ігоріш,True,179,147,113,149.60000000000002,незараховано
Богдан Іриниш,False,191,106,138,149.6,незараховано
Іван Артеміш,False,119,180,160,149.6,незараховано
Марта Дмитріш,False,188,108,140,149.6,незараховано
Іванна Тарасіш,False,128,153,175,149.6,незараховано
Михайло Тарасіш,True,169,132,141,149.5,незараховано
Дмитро Катериниш,True,120,166,172,149.4,незараховано
Лідія Петріш,True,174,148,118,149.4,незараховано
Андрій Анатоліїш,False,165,137,141,149.39999999999998,незараховано
Павло Богданіш,True,164,153,126,149.3,незараховано
Марія Вікторіш,False,158,146,141,149.3,незараховано
Ірина Ковтун,True,125,166,165,149.3,незараховано
Анатолій Ковтун,True,152,146,149,149.29999999999998,незараховано
Анастасія Максиміш,False,178,137,123,149.20000000000002,незараховано
Ілля Ніниш,False,145,136,168,149.2,незараховано
Павло Іриниш,False,145,182,122,149.2,незараховано
Тетяна Вікторіш,False,109,167,185,149.2,незараховано
Олександр Неборачко,True,174,160,105,149.10000000000002,незараховано
Олена Анниш,True,105,158,199,149.1,незараховано
Олександр Ілляш,False,164,145,133,149.0,незараховано
Марта Вікторіш,False,179,117,141,149.0,незараховано
Тетяна Вікторіїш,True,131,188,134,149.0,незараховано
Павло Ігоріш,True,191,117,125,149.0,незараховано
Марта Ганниш,False,188,134,112,149.0,незараховано
Юлія Олексіїш,True,121,186,149,148.9,незараховано
Павло Ярославиш,False,145,141,162,148.9,незараховано
Максим Олениш,True,142,131,176,148.89999999999998,незараховано
Олексій Ілляш,True,111,165,183,148.8,незараховано
Артем Ковтун,False,129,143,181,148.8,незараховано
Анна Маріїш,True,165,154,122,148.79999999999998,незараховано
Михайло Петріш,True,195,112,124,148.79999999999998,незараховано
Вікторія Артеміш,False,146,117,184,148.7,незараховано
Олег Іваниш,False,149,174,123,148.7,незараховано
Вікторія Ніниш,True,152,136,157,148.7,незараховано
Петро Іваниш,True,149,132,165,148.7,незараховано
Ольга Ілляш,False,106,158,196,148.60000000000002,незараховано
Володимир Сергіїш,True,124,157,173,148.6,незараховано
Софія Лідіїш,True,133,184,134,148.6,незараховано
Роман Іванниш,False,118,193,145,148.6,незараховано
Марта Маріїш,False,129,188,135,148.5,незараховано
Сергій Михайлиш,False,126,163,164,148.5,незараховано
Ніна Ілляш,True,144,181,122,148.5,незараховано
Ігор Тарасіш,True,141,160,147,148.5,незараховано
Тетяна Ярославиш,True,183,127,124,148.5,незараховано
Тетяна Наталіїш,True,110,169,179,148.39999999999998,незараховано
Анна Олександріш,True,124,177,152,148.3,незараховано
Богдан Алібіба,True,157,173,112,148.3,незараховано
Володимир Ковтун,False,196,115,118,148.3,незараховано
Вікторія Маріїш,True,178,143,114,148.29999999999998,незараховано
Вікторія Анатоліїш,False,172,146,119,148.29999999999998,незараховано
Олег Олексіїш,False,157,111,174,148.29999999999998,незараховано
Марія Олениш,False,136,144,169,148.29999999999998,незараховано
Максим Володимириш,True,195,118,116,148.2,незараховано
Ніна Ганниш,False,158,146,137,148.1,незараховано
Марта Іваниш,False,143,194,109,148.1,незараховано
Тетяна Олексіїш,True,113,178,165,148.1,незараховано
Тарас Богданіш,True,139,120,188,148.0,незараховано
Віктор Ковтун,True,181,136,116,148.0,незараховано
Анна Лідіїш,False,142,137,167,148.0,незараховано
Ірина Петріш,True,156,102,183,147.9,незараховано
Софія Ярославиш,False,147,161,136,147.89999999999998,незараховано
Олег Алібіба,True,144,150,151,147.89999999999998,незараховано
Артем Андріїш,False,156,129,156,147.89999999999998,незараховано
Анатолій Неборачко,True,170,133,133,147.8,незараховано
Олександр Іванниш,True,152,123,167,147.8,незараховано
Артем Ганниш,False,170,148,118,147.8,незараховано
Ірина Катериниш,True,116,184,154,147.79999999999998,незараховано
Марія Загвойко,False,191,134,104,147.79999999999998,незараховано
Олена Петріш,False,166,171,100,147.7,незараховано
Тарас Товтиш,True,145,190,109,147.7,незараховано
Анатолій Дмитріш,True,120,189,143,147.6,незараховано
Михайло Наталіїш,False,123,176,152,147.6,незараховано
Ніна Олександріш,False,180,142,110,147.6,незараховано
Анна Ярославиш,False,188,140,101,147.5,незараховано
Людмила Вікторіїш,True,143,117,184,147.5,незараховано
Анатолій Олексіїш,False,133,147,167,147.4,незараховано
Іван Олександріш,True,169,154,112,147.4,незараховано
Андрій Тетяниш,False,133,151,163,147.4,незараховано
Ірина Олениш,False,108,150,197,147.3,незараховано
Іван Ганниш,True,156,147,136,147.3,незараховано
Володимир Олегіш,True,102,180,175,147.3,незараховано
Оксана Анатоліїш,False,135,179,132,147.29999999999998,незараховано
Юлія Дмитріш,False,116,148,188,147.20000000000002,незараховано
Тарас Ігоріш,True,136,127,182,147.1,незараховано
Тарас Анатоліїш,False,172,136,125,147.1,незараховано
Анна Ніниш,False,172,137,124,147.1,незараховано
Ольга Ніниш,True,187,114,127,147.1,незараховано
Анатолій Ярославиш,False,138,199,107,147.0,незараховано
Олександр Олениш,True,135,126,184,147.0,незараховано
Іванна Дмитріш,False,135,124,186,147.0,незараховано
Тарас Дмитришенко,False,141,111,191,147.0,незараховано
Ярослав Максиміш,True,147,164,130,147.0,незараховано
Анастасія Артеміш,True,198,103,123,147.0,незараховано
Олександр Маріїш,False,168,146,120,147.0,незараховано
Марія Софіїш,True,131,155,160,146.9,незараховано
Тарас Вікторіїш,True,176,115,140,146.9,незараховано
Олена Вікторіш,True,149,167,124,146.9,незараховано
Іван Катериниш,True,194,101,130,146.9,незараховано
Вікторія Катериниш,True,197,115,112,146.9,незараховано
Тарас Алібіба,True,101,166,189,146.9,незараховано
Анастасія Анатоліїш,False,133,150,162,146.8,незараховано
Юлія Ігоріш,False,181,103,145,146.8,незараховано
Ольга Оксаниш,False,157,180,100,146.8,незараховано
Ніна Іриниш,True,105,199,150,146.7,незараховано
Марія Неборачко,True,173,147,111,146.60000000000002,незараховано
Вікторія Іваниш,False,104,157,193,146.6,незараховано
Тарас Тарасіш,True,200,110,112,146.6,незараховано
Віктор Петріш,True,146,179,115,146.6,незараховано
Володимир Дмитріш,False,131,171,143,146.6,незараховано
Ольга Андріїш,False,136,129,178,146.5,незараховано
Богдан Олександріш,False,130,148,167,146.5,незараховано
Марія Богданіш,False,126,128,192,146.4,незараховано
Володимир Софіїш,False,164,154,115,146.3,незараховано
Ігор Максиміш,False,155,163,118,146.3,незараховано
Максим Вікторіш,True,128,182,135,146.3,незараховано
Оксана Анниш,False,125,127,194,146.29999999999998,незараховано
Віктор Олениш,False,140,162,139,146.29999999999998,незараховано
Володимир Олександріш,True,166,144,122,146.2,незараховано
Артем Володимириш,False,124,164,158,146.2,незараховано
Роман Ковтун,False,127,126,192,146.2,незараховано
Олена Вікторіїш,False,147,140,151,146.10000000000002,незараховано
Юлія Алібіба,True,114,184,151,146.1,незараховано
Ярослав Анниш,False,120,181,146,146.1,незараховано
Юлія Олександріш,False,186,110,129,146.1,незараховано
Ольга Олександріш,False,123,124,199,146.1,незараховано
Ганна Товтиш,True,175,100,153,145.9,незараховано
Катерина Людмилиш,True,169,116,145,145.9,незараховано
Володимир Тарасіш,False,160,127,146,145.89999999999998,незараховано
Роман Ігоріш,True,187,118,119,145.89999999999998,незараховано
Софія Олексіїш,True,129,193,121,145.8,незараховано
Анатолій Сергіїш,False,135,160,146,145.8,незараховано
Лідія Маріїш,True,137,169,134,145.7,незараховано
Людмила Романіш,False,164,153,114,145.7,незараховано
Андрій Володимириш,False,146,182,109,145.7,незараховано
Оксана Ганниш,True,119,168,159,145.7,незараховано
Ігор Володимириш,False,181,130,114,145.6,незараховано
Лідія Товтиш,False,112,171,165,145.6,незараховано
Олег Неборачко,True,133,119,189,145.6,незараховано
Анатолій Максиміш,True,196,101,123,145.6,незараховано
Ярослава Тарасіш,True,102,188,161,145.5,незараховано
Віктор Артеміш,True,114,194,139,145.5,незараховано
Софія Дмитріш,False,153,172,109,145.5,незараховано
Оксана Ярославиш,False,120,127,198,145.5,незараховано
Ілля Олениш,True,128,198,116,145.39999999999998,незараховано
Тарас Володимириш,False,166,100,163,145.3,незараховано
Ігор Романіш,True,114,136,196,145.2,незараховано
Лідія Ганниш,False,129,133,179,145.2,незараховано
Павло Вікторіш,False,168,106,154,145.2,незараховано
Петро Богданіш,False,167,109,152,145.1,незараховано
Олександр Анниш,True,152,131,150,145.1,незараховано
Ольга Людмилиш,False,146,160,129,145.1,незараховано
Ганна Вікторіш,False,161,131,138,145.1,незараховано
Петро Володимириш,True,136,139,163,145.0,незараховано
Павло Ніниш,False,144,173,118,144.9,незараховано
Віктор Іриниш,True,120,190,133,144.9,незараховано
Ганна Загвойко,True,141,139,156,144.89999999999998,незараховано
Ярослав Олександріш,True,118,132,193,144.70000000000002,незараховано
Софія Тарасіш,True,178,131,114,144.7,незараховано
Вікторія Дмитришенко,True,109,164,173,144.7,незараховано
Олена Алібіба,True,115,156,173,144.7,незараховано
Оксана Дмитріш,False,147,130,156,144.60000000000002,незараховано
Ярослава Маріїш,True,150,173,109,144.6,незараховано
Лідія Анниш,True,153,174,104,144.6,незараховано
Вікторія Володимириш,True,147,132,153,144.3,незараховано
Ігор Товтиш,True,114,184,145,144.3,незараховано
Людмила Дмитріш,True,165,140,121,144.3,незараховано
Людмила Іванниш,True,180,137,104,144.29999999999998,незараховано
Віктор Ярославіш,False,137,185,113,144.20000000000002,незараховано
Ніна Ярославиш,True,146,149,137,144.2,незараховано
Ярослава Олегіш,False,167,117,141,144.2,незараховано
Андрій Товтиш,True,199,102,113,144.1,незараховано
Роман Володимириш,False,133,138,165,144.1,незараховано
Ярослава Богданіш,False,163,128,135,144.1,незараховано
Ярослава Вікторіїш,True,118,129,194,144.1,незараховано
Ірина Оксаниш,False,130,134,173,144.1,незараховано
Олена Тарасіш,False,142,134,157,144.1,незараховано
Лідія Іванниш,False,120,122,198,144.0,незараховано
Дмитро Ганниш,True,102,193,151,144.0,незараховано
Артем Алібіба,True,105,147,193,144.0,незараховано
Наталія Тетяниш,True,158,154,115,143.9,незараховано
Оксана Іванниш,False,158,150,119,143.9,незараховано
Лідія Оксаниш,False,173,114,135,143.9,незараховано
Іванна Софіїш,True,109,177,157,143.8,незараховано
Ігор Неборачко,True,133,191,111,143.8,незараховано
Петро Неборачко,True,109,151,183,143.8,незараховано
Марія Романіш,False,106,155,183,143.8,незараховано
Ніна Олегіш,False,129,154,153,143.7,незараховано
Дмитро Людмилиш,False,111,186,145,143.7,незараховано
Ігор Михайлиш,True,105,139,200,143.7,незараховано
Ярослав Ганниш,True,161,113,151,143.60000000000002,незараховано
Олена Ніниш,False,158,127,141,143.60000000000002,незараховано
Вікторія Лідіїш,True,151,140,137,143.5,незараховано
Дмитро Оксаниш,False,118,173,148,143.5,незараховано
Андрій Катериниш,False,133,195,106,143.5,незараховано
Ганна Іваниш,False,100,178,167,143.5,незараховано
Максим Маріїш,True,160,120,145,143.5,незараховано
Ілля Вікторіїш,False,121,146,171,143.5,незараховано
Олег Маріїш,True,149,159,120,143.3,незараховано
Олександр Анатоліїш,False,120,197,120,143.1,незараховано
Ігор Оксаниш,True,120,143,174,143.1,незараховано
Ярослав Наталіїш,False,125,113,197,143.0,незараховано
Михайло Вікторіїш,False,116,196,126,143.0,незараховано
Віктор Сергіїш,False,173,124,122,143.0,незараховано
Ярослав Олегіш,True,140,113,177,143.0,незараховано
Максим Оксаниш,True,136,172,123,142.9,незараховано
Марія Товтиш,False,116,189,132,142.7,незараховано
Анатолій Володимириш,False,119,189,128,142.7,незараховано
Ярослав Вікторіїш,True,149,150,127,142.7,незараховано
Тетяна Ганниш,True,146,145,136,142.7,незараховано
Олександр Олегіш,True,136,190,104,142.6,незараховано
Ігор Сергіїш,True,115,142,180,142.6,незараховано
Богдан Сергіїш,True,139,184,106,142.6,незараховано
Анна Михайлиш,False,130,161,141,142.6,незараховано
Олексій Володимириш,True,195,114,101,142.5,незараховано
Віктор Катериниш,False,165,155,100,142.5,незараховано
Ніна Ніниш,True,144,102,181,142.5,незараховано
Михайло Ілляш,True,117,191,128,142.5,незараховано
Катерина Алібіба,False,129,165,138,142.5,незараховано
Людмила Іваниш,False,108,179,152,142.5,незараховано
Олена Романіш,False,134,118,178,142.4,незараховано
Юлія Дмитришенко,False,122,144,168,142.4,незараховано
Ірина Людмилиш,False,154,129,140,142.3,незараховано
Михайло Ковтун,False,151,113,160,142.3,незараховано
Олег Софіїш,True,138,122,168,142.20000000000002,незараховано
Михайло Іриниш,True,150,155,119,142.2,незараховано
Олександр Тетяниш,False,108,133,197,142.2,незараховано
Дмитро Софіїш,False,126,169,137,142.2,незараховано
Людмила Артеміш,True,150,120,154,142.2,незараховано
Наталія Ковтун,True,114,139,183,142.2,незараховано
Тетяна Катериниш,True,119,150,165,142.1,незараховано
Андрій Лідіїш,True,101,164,175,142.1,незараховано
Марта Ілляш,True,130,119,181,142.0,незараховано
Юлія Наталіїш,True,112,187,137,142.0,незараховано
Дмитро Іриниш,True,171,128,117,141.9,незараховано
Роман Неборачко,True,126,151,154,141.9,незараховано
Тарас Дмитріш,False,138,114,175,141.9,незараховано
Петро Олександріш,False,123,195,114,141.9,незараховано
Ірина Лідіїш,False,111,159,166,141.89999999999998,незараховано
Ольга Анниш,True,131,196,102,141.8,незараховано
Ярослав Ковтун,True,128,111,191,141.8,незараховано
Катерина Софіїш,False,140,184,102,141.79999999999998,незараховано
Петро Дмитріш,True,160,150,109,141.7,незараховано
Катерина Олениш,True,148,103,172,141.7,незараховано
Юлія Ілляш,True,121,184,127,141.7,незараховано
Наталія Ярославіш,True,105,171,161,141.6,незараховано
Олена Товтиш,True,162,121,135,141.6,незараховано
Ірина Богданіш,True,165,148,104,141.6,незараховано
Іванна Артеміш,False,117,151,165,141.6,незараховано
Ірина Анниш,False,158,160,101,141.5,незараховано
Ярослав Олениш,True,128,161,140,141.5,незараховано
Марія Анниш,False,185,116,109,141.5,незараховано
Тарас Олениш,False,160,123,135,141.4,незараховано
Олександр Оксаниш,True,121,124,186,141.39999999999998,незараховано
Богдан Ярославиш,False,161,143,113,141.20000000000002,незараховано
Михайло Маріїш,False,101,185,151,141.2,незараховано
Максим Лідіїш,True,149,158,114,141.2,незараховано
Петро Ярославіш,False,173,140,100,141.2,незараховано
Петро Ілляш,True,155,146,118,141.2,незараховано
Людмила Неборачко,True,133,129,164,141.1,незараховано
Олег Максиміш,False,136,135,154,141.1,незараховано
Ілля Богданіш,False,127,171,130,141.1,незараховано
Анатолій Анниш,False,130,109,188,141.1,незараховано
Володимир Дмитришенко,True,118,140,173,141.1,незараховано
Юлія Вікторіїш,True,114,198,120,141.0,незараховано
Ярослава Артеміш,False,123,131,175,141.0,незараховано
Ігор Олениш,True,152,167,100,140.9,незараховано
Ілля Ковтун,True,152,128,139,140.9,незараховано
Марія Катериниш,False,125,170,133,140.9,незараховано
Катерина Ярославиш,True,176,115,120,140.9,незараховано
Олександр Олександріш,False,133,126,166,140.8,незараховано
Лідія Неборачко,True,139,177,107,140.8,незараховано
Людмила Сергіїш,False,112,142,178,140.8,незараховано
Володимир Володимириш,True,169,126,118,140.8,незараховано
Михайло Ярославиш,False,115,189,127,140.79999999999998,незараховано
Максим Сергіїш,True,198,100,105,140.7,незараховано
Ольга Загвойко,False,117,116,197,140.7,незараховано
Петро Андріїш,True,162,120,133,140.7,незараховано
Марта Богданіш,False,117,179,134,140.7,незараховано
Марія Іванниш,True,188,107,111,140.60000000000002,незараховано
Ілля Ярославиш,False,101,136,198,140.6,незараховано
Марта Олениш,True,116,190,124,140.6,незараховано
Ярослав Ярославіш,True,149,129,141,140.6,незараховано
Ярослав Неборачко,True,148,156,115,140.5,незараховано
Юлія Маріїш,False,109,193,130,140.5,незараховано
Павло Дмитріш,False,106,160,167,140.5,незараховано
Іван Ярославіш,False,163,140,111,140.5,незараховано
Ярослава Ковтун,True,103,159,172,140.5,незараховано
Сергій Катериниш,False,114,136,180,140.4,незараховано
Наталія Загвойко,False,126,195,105,140.4,незараховано
Павло Іванниш,False,105,130,198,140.4,незараховано
Юлія Іванниш,False,108,137,187,140.4,незараховано
Ольга Ярославіш,True,108,162,162,140.4,незараховано
Андрій Ніниш,True,134,118,171,140.3,незараховано
Анастасія Олегіш,True,107,136,189,140.29999999999998,незараховано
Марта Ковтун,True,112,181,137,140.2,незараховано
Тетяна Сергіїш,False,100,149,185,140.2,незараховано
Ольга Ковтун,False,148,111,159,140.2,незараховано
Роман Катериниш,True,114,123,192,140.1,незараховано
Андрій Людмилиш,True,141,150,129,140.1,незараховано
Тетяна Анатоліїш,True,114,193,122,140.1,незараховано
Михайло Олексіїш,True,108,145,178,140.1,незараховано
Ігор Софіїш,False,165,141,106,140.1,незараховано
Ганна Катериниш,False,116,144,168,140.0,незараховано
Іванна Дмитришенко,True,125,196,104,140.0,незараховано
Петро Іриниш,False,119,174,134,140.0,незараховано
Софія Вікторіїш,True,118,162,147,139.9,незараховано
Лідія Ярославіш,False,153,126,136,139.8,незараховано
Роман Романіш,False,134,100,187,139.7,незараховано
Михайло Алібіба,True,148,127,141,139.60000000000002,незараховано
Наталія Ніниш,False,145,131,141,139.6,незараховано
Вікторія Іванниш,True,163,111,137,139.6,незараховано
Сергій Петріш,True,160,100,152,139.6,незараховано
Катерина Олександріш,False,156,100,157,139.5,незараховано
Анна Романіш,True,114,156,157,139.5,незараховано
Дмитро Вікторіш,True,185,116,102,139.4,незараховано
Роман Тетяниш,False,131,112,178,139.4,незараховано
Лідія Романіш,True,125,148,150,139.4,незараховано
Дмитро Іванниш,True,116,167,143,139.4,незараховано
Богдан Вікторіїш,True,103,177,150,139.3,незараховано
Лідія Ніниш,True,127,133,162,139.3,незараховано
Петро Алібіба,False,169,122,117,139.3,незараховано
Анна Наталіїш,False,169,118,121,139.3,незараховано
Олег Ніниш,True,139,117,162,139.3,незараховано
Ніна Олексіїш,False,109,131,188,139.3,незараховано
Тетяна Олегіш,True,145,109,162,139.29999999999998,незараховано
Софія Софіїш,True,111,153,163,139.20000000000002,незараховано
Людмила Алібіба,False,123,200,100,139.2,незараховано
Михайло Олениш,True,162,148,100,139.2,незараховано
Олександр Тарасіш,False,138,179,101,139.2,незараховано
Петро Ковтун,False,128,152,141,139.10000000000002,незараховано
Наталія Іванниш,True,122,124,177,139.1,незараховано
Людмила Катериниш,False,140,161,116,139.1,незараховано
Марта Сергіїш,True,115,137,173,139.0,незараховано
Олена Ігоріш,True,136,172,110,139.0,незараховано
Олексій Андріїш,False,108,134,185,138.9,незараховано
Катерина Іванниш,True,104,156,168,138.8,незараховано
Ніна Артеміш,True,125,131,165,138.8,незараховано
Ірина Олексіїш,True,157,111,142,138.7,незараховано
Ілля Артеміш,True,109,181,136,138.7,незараховано
Артем Катериниш,False,117,189,117,138.6,незараховано
Наталія Вікторіш,True,150,111,151,138.6,незараховано
Анастасія Ярославіш,False,117,111,195,138.6,незараховано
Наталія Людмилиш,True,128,157,134,138.5,незараховано
Володимир Петріш,True,116,195,112,138.5,незараховано
Олена Ганниш,False,124,131,165,138.4,незараховано
Юлія Михайлиш,True,124,118,178,138.4,незараховано
Віктор Тетяниш,True,142,149,123,138.4,незараховано
Софія Ярославіш,True,120,103,198,138.3,незараховано
Максим Людмилиш,False,123,191,106,138.3,незараховано
Іванна Петріш,False,123,148,149,138.29999999999998,незараховано
Олексій Олександріш,False,107,168,150,138.2,незараховано
Богдан Олениш,True,118,122,181,138.10000000000002,незараховано
Ірина Ганниш,True,130,174,113,138.1,незараховано
Ігор Ярославіш,True,115,195,112,138.1,незараховано
Ярослава Дмитришенко,False,139,175,100,138.1,незараховано
Марта Загвойко,True,153,104,152,138.0,незараховано
Оксана Ілляш,True,135,111,169,138.0,незараховано
Іванна Іриниш,False,126,124,168,138.0,незараховано
Наталія Катериниш,True,107,127,190,137.9,незараховано
Артем Богданіш,True,182,105,112,137.9,незараховано
Марта Софіїш,True,113,154,155,137.9,незараховано
Іван Алібіба,False,113,126,183,137.9,незараховано
Андрій Іриниш,True,115,138,168,137.8,незараховано
Андрій Ковтун,True,157,138,112,137.8,незараховано
Михайло Товтиш,False,148,122,140,137.8,незараховано
Ганна Богданіш,False,148,158,104,137.79999999999998,незараховано
Марта Романіш,False,177,102,121,137.7,незараховано
Ольга Петріш,False,122,192,104,137.6,незараховано
Іванна Тетяниш,False,101,160,164,137.6,незараховано
Андрій Наталіїш,True,125,126,166,137.6,незараховано
Петро Ганниш,False,170,111,121,137.6,незараховано
Павло Олександріш,False,116,161,143,137.6,незараховано
Роман Лідіїш,False,101,147,177,137.6,незараховано
Олена Олегіш,False,167,112,124,137.6,незараховано
Софія Наталіїш,True,121,142,155,137.5,незараховано
Дмитро Товтиш,True,150,140,118,137.4,незараховано
Вікторія Загвойко,False,102,148,174,137.4,незараховано
Ганна Тарасіш,False,120,156,142,137.4,незараховано
Олексій Наталіїш,False,117,161,141,137.39999999999998,незараховано
Анна Загвойко,False,116,177,126,137.3,незараховано
Анастасія Людмилиш,True,143,167,100,137.3,незараховано
Віктор Романіш,True,116,144,159,137.29999999999998,незараховано
Максим Олегіш,False,148,132,128,137.20000000000002,незараховано
Сергій Маріїш,True,115,199,105,137.2,незараховано
Ірина Андріїш,True,181,102,114,137.2,незараховано
Олена Дмитріш,False,115,155,149,137.2,незараховано
Оксана Товтиш,False,163,119,121,137.2,незараховано
Олег Петріш,True,112,157,151,137.2,незараховано
Павло Тетяниш,False,127,157,131,137.2,незараховано
Дмитро Олександріш,True,124,124,168,137.2,незараховано
Іван Товтиш,True,102,196,125,137.1,незараховано
Богдан Максиміш,True,135,166,111,137.1,незараховано
Андрій Маріїш,True,144,147,118,137.1,незараховано
Анна Ковтун,True,102,123,198,137.1,незараховано
Іванна Ярославіш,True,123,166,127,137.1,незараховано
Віктор Ілляш,True,111,191,118,137.1,незараховано
Анатолій Іваниш,False,105,200,117,137.1,незараховано
Олександр Іриниш,False,179,109,109,137.0,незараховано
Софія Максиміш,True,104,151,167,137.0,незараховано
Софія Андріїш,True,125,107,183,137.0,незараховано
Лідія Ковтун,True,109,133,178,136.9,незараховано
Володимир Товтиш,True,136,103,172,136.9,незараховано
Артем Наталіїш,True,136,144,131,136.89999999999998,незараховано
Павло Наталіїш,False,138,134,138,136.8,незараховано
Тарас Наталіїш,True,138,139,133,136.8,незараховано
Наталія Лідіїш,True,119,110,187,136.7,незараховано
Максим Катериниш,True,110,129,180,136.7,незараховано
Юлія Тетяниш,True,170,124,105,136.7,незараховано
Андрій Софіїш,False,121,110,184,136.6,незараховано
Дмитро Романіш,False,124,129,161,136.6,незараховано
Софія Олександріш,False,139,168,102,136.6,незараховано
Анна Дмитришенко,False,162,132,107,136.5,незараховано
Ніна Вікторіїш,True,146,156,104,136.4,незараховано
Ніна Ярославіш,True,146,129,131,136.39999999999998,незараховано
Ніна Іваниш,True,173,118,106,136.39999999999998,незараховано
Іван Неборачко,False,151,127,126,136.3,незараховано
Тетяна Ілляш,True,133,114,163,136.3,незараховано
Наталія Алібіба,False,112,175,130,136.3,незараховано
Тетяна Романіш,False,145,147,114,136.29999999999998,незараховано
Марія Ніниш,False,175,114,107,136.29999999999998,незараховано
Анатолій Михайлиш,False,159,131,111,136.2,незараховано
Марія Іваниш,False,150,147,107,136.2,незараховано
Ірина Ілляш,True,116,172,127,136.1,незараховано
Катерина Олегіш,False,118,177,119,136.0,незараховано
Олексій Ніниш,False,121,138,154,136.0,незараховано
Олексій Максиміш,True,118,120,176,136.0,незараховано
Оксана Романіш,True,168,109,120,135.9,незараховано
Марія Анатоліїш,False,150,130,123,135.9,незараховано
Роман Андріїш,True,129,169,112,135.9,незараховано
Михайло Артеміш,False,132,111,166,135.89999999999998,незараховано
Людмила Олениш,False,131,131,147,135.8,незараховано
Артем Максиміш,False,179,107,107,135.8,незараховано
Ірина Алібіба,False,158,130,112,135.8,незараховано
Анна Богданіш,True,149,131,123,135.8,незараховано
Павло Анниш,True,153,137,111,135.60000000000002,незараховано
Віктор Олексіїш,True,126,113,171,135.60000000000002,незараховано
Наталія Ілляш,False,138,166,102,135.6,незараховано
Михайло Софіїш,True,138,116,152,135.6,незараховано
Володимир Тетяниш,True,116,140,157,135.5,незараховано
Тарас Ганниш,True,152,105,144,135.5,незараховано
Ігор Наталіїш,True,122,134,155,135.5,незараховано
Олексій Ярославиш,True,143,115,146,135.5,незараховано
Марта Іриниш,True,151,128,122,135.4,незараховано
Марія Наталіїш,False,151,104,146,135.4,незараховано
Ярослава Оксаниш,True,132,112,163,135.3,незараховано
Вікторія Тетяниш,True,174,115,104,135.3,незараховано
Олександр Петріш,True,129,157,122,135.3,незараховано
Олена Ярославіш,True,114,195,104,135.29999999999998,незараховано
Марія Олегіш,True,101,183,133,135.20000000000002,незараховано
Петро Катериниш,False,104,180,132,135.2,незараховано
Петро Тарасіш,True,122,117,171,135.2,незараховано
Марта Олексіїш,False,106,145,164,135.1,незараховано
Володимир Олексіїш,False,115,180,117,135.1,незараховано
Катерина Артеміш,False,133,125,148,135.1,незараховано
Олена Іванниш,False,108,129,177,135.0,незараховано
Олексій Оксаниш,True,162,124,110,135.0,незараховано
Іван Анниш,False,102,129,185,135.0,незараховано
Софія Анатоліїш,False,131,147,128,134.9,незараховано
Юлія Олегіш,True,113,171,128,134.9,незараховано
Максим Софіїш,False,110,155,148,134.9,незараховано
Лідія Михайлиш,False,143,132,127,134.9,незараховано
Павло Олегіш,False,149,140,111,134.89999999999998,незараховано
Максим Алібіба,False,112,178,122,134.8,незараховано
Роман Софіїш,False,123,167,118,134.70000000000002,незараховано
Тетяна Тетяниш,False,120,188,101,134.7,незараховано
Андрій Богданіш,False,120,123,166,134.7,незараховано
Ярослав Іриниш,False,114,196,101,134.7,незараховано
Сергій Товтиш,False,165,126,103,134.7,незараховано
Людмила Іриниш,False,126,165,116,134.7,незараховано
Олена Іваниш,False,110,188,114,134.6,незараховано
Павло Товтиш,False,107,138,168,134.6,незараховано
Оксана Софіїш,True,158,101,137,134.6,незараховано
Іванна Вікторіїш,True,106,173,134,134.5,незараховано
Артем Іванниш,True,154,125,118,134.5,незараховано
Олександр Михайлиш,True,139,160,103,134.5,незараховано
Анна Ілляш,False,151,108,139,134.5,незараховано
Тарас Артеміш,False,114,164,132,134.4,незараховано
Анатолій Ніниш,False,117,139,153,134.4,незараховано
Ірина Романіш,True,158,130,107,134.3,незараховано
Іванна Іванниш,True,101,198,115,134.3,незараховано
Максим Артеміш,False,113,108,189,134.29999999999998,незараховано
Катерина Ярославіш,False,124,168,114,134.2,незараховано
Оксана Ніниш,False,136,154,112,134.2,незараховано
Павло Тарасіш,True,102,196,115,134.1,незараховано
Оксана Іриниш,False,153,136,107,134.1,незараховано
Наталія Маріїш,True,110,150,150,134.0,незараховано
Роман Олениш,True,119,142,146,134.0,незараховано
Віктор Товтиш,False,104,139,169,134.0,незараховано
Ярослав Володимириш,True,115,106,187,133.9,незараховано
Софія Товтиш,False,133,113,156,133.89999999999998,незараховано
Оксана Олегіш,False,120,113,173,133.8,незараховано
Петро Тетяниш,False,120,107,179,133.79999999999998,незараховано
Олег Катериниш,False,102,166,144,133.79999999999998,незараховано
Віктор Михайлиш,True,108,118,184,133.79999999999998,незараховано
Ніна Тетяниш,True,113,150,145,133.7,незараховано
Ілля Сергіїш,False,152,119,124,133.7,незараховано
Олег Володимириш,False,170,115,104,133.7,незараховано
Іван Іванниш,True,119,148,139,133.7,незараховано
Тарас Ілляш,True,115,183,109,133.6,незараховано
Марта Артеміш,True,121,146,138,133.6,незараховано
Анастасія Олексіїш,False,153,100,141,133.5,незараховано
Ірина Вікторіїш,False,132,109,160,133.5,незараховано
Людмила Богданіш,False,116,177,113,133.4,незараховано
Віктор Оксаниш,True,118,124,163,133.3,незараховано
Вікторія Софіїш,False,115,122,169,133.29999999999998,незараховано
Лідія Тетяниш,True,124,155,124,133.29999999999998,незараховано
Ілля Людмилиш,True,165,123,101,133.2,незараховано
Олена Михайлиш,False,152,115,126,133.10000000000002,незараховано
Тетяна Товтиш,True,137,104,157,133.1,незараховано
Іванна Ганниш,False,152,118,123,133.1,незараховано
Павло Анатоліїш,False,113,192,101,133.1,незараховано
Роман Іваниш,False,139,145,113,133.0,незараховано
Артем Петріш,True,141,152,103,132.9,незараховано
Павло Неборачко,False,114,168,123,132.9,незараховано
Ілля Алібіба,True,131,148,120,132.8,незараховано
Людмила Загвойко,False,121,100,181,132.7,незараховано
Юлія Максиміш,False,108,106,192,132.6,незараховано
Софія Людмилиш,False,129,155,115,132.6,незараховано
Ніна Неборачко,False,110,187,108,132.5,незараховано
Богдан Неборачко,False,140,136,119,132.5,незараховано
Ігор Ганниш,False,139,124,132,132.4,незараховано
Ярослава Олексіїш,True,114,134,155,132.3,незараховано
Анатолій Оксаниш,False,141,112,141,132.3,незараховано
Максим Ганниш,True,132,161,104,132.29999999999998,незараховано
Оксана Олександріш,True,137,147,111,132.2,незараховано
Анна Людмилиш,False,146,137,109,132.2,незараховано
Юлія Софіїш,False,134,153,109,132.2,незараховано
Дмитро Ярославіш,False,109,179,116,132.1,незараховано
Максим Неборачко,True,121,100,179,132.1,незараховано
Віктор Вікторіїш,False,103,180,123,132.1,незараховано
Ольга Іваниш,False,142,111,140,132.1,незараховано
Ілля Володимириш,False,142,137,114,132.1,незараховано
Артем Романіш,False,111,106,186,132.0,незараховано
Тарас Олексіїш,True,101,107,198,131.9,незараховано
Софія Дмитришенко,True,151,126,112,131.8,незараховано
Марта Дмитришенко,True,133,152,110,131.8,незараховано
Андрій Петріш,False,166,118,100,131.8,незараховано
Петро Анатоліїш,True,118,150,132,131.8,незараховано
Анастасія Тарасіш,False,117,182,101,131.7,незараховано
Андрій Ярославиш,False,168,108,107,131.7,незараховано
Софія Богданіш,False,106,174,123,131.5,незараховано
Михайло Сергіїш,True,118,132,149,131.5,незараховано
Іван Ігоріш,False,115,123,162,131.5,незараховано
Роман Оксаниш,False,115,143,142,131.5,незараховано
Володимир Вікторіш,False,151,100,137,131.5,незараховано
Максим Ярославиш,True,134,104,155,131.3,незараховано
Роман Дмитришенко,True,140,138,113,131.3,незараховано
Володимир Іваниш,False,149,115,124,131.29999999999998,незараховано
Іванна Ілляш,True,128,113,154,131.29999999999998,незараховано
Людмила Ніниш,True,115,174,110,131.2,незараховано
Павло Олексіїш,False,109,191,101,131.2,незараховано
Богдан Іваниш,False,146,128,114,131.0,незараховано
Михайло Богданіш,True,125,113,157,131.0,незараховано
Іванна Лідіїш,False,100,141,162,130.9,незараховано
Анастасія Ярославиш,False,133,118,141,130.89999999999998,незараховано
Павло Іваниш,False,114,143,141,130.8,незараховано
Віктор Маріїш,True,103,167,131,130.60000000000002,незараховано
Катерина Катериниш,True,121,152,122,130.6,незараховано
Софія Олегіш,False,127,108,158,130.6,незараховано
Ганна Ніниш,False,107,163,129,130.4,незараховано
Іванна Олениш,True,134,105,151,130.39999999999998,незараховано
Ольга Тарасіш,False,109,127,162,130.3,незараховано
Олександр Ніниш,False,103,120,177,130.3,незараховано
Ігор Олександріш,False,139,142,107,130.3,незараховано
Артем Ілляш,False,101,128,171,130.10000000000002,незараховано
Наталія Сергіїш,False,110,186,101,130.1,незараховано
Ярослав Ярославиш,True,109,178,110,130.0,незараховано
Петро Сергіїш,False,127,151,113,130.0,незараховано
Сергій Вікторіїш,False,153,119,110,129.9,незараховано
Наталія Олениш,False,146,105,133,129.8,незараховано
Дмитро Неборачко,True,106,138,153,129.70000000000002,незараховано
Оксана Дмитришенко,True,106,177,114,129.7,незараховано
Андрій Олексіїш,True,142,112,131,129.7,незараховано
Михайло Катериниш,False,136,121,130,129.7,незараховано
Ярослав Тарасіш,False,149,113,120,129.5,незараховано
Сергій Тарасіш,True,121,141,129,129.4,незараховано
Олександр Людмилиш,False,124,144,122,129.4,незараховано
Ігор Маріїш,True,135,103,148,129.3,незараховано
Дмитро Анатоліїш,False,120,149,122,129.29999999999998,незараховано
Петро Дмитришенко,True,146,116,120,129.2,незараховано
Анатолій Анатоліїш,True,120,156,114,129.0,незараховано
Ірина Дмитришенко,False,147,112,122,129.0,незараховано
Олег Оксаниш,True,114,142,136,129.0,незараховано
Оксана Вікторіїш,True,101,192,103,128.9,незараховано
Вікторія Людмилиш,True,119,115,156,128.89999999999998,незараховано
Ірина Ярославіш,False,109,103,181,128.8,незараховано
Ярослав Іваниш,False,115,173,103,128.8,незараховано
Тетяна Богданіш,True,111,162,119,128.7,незараховано
Богдан Товтиш,True,140,110,132,128.6,незараховано
Іван Іваниш,False,107,181,105,128.6,незараховано
Олександр Дмитришенко,False,142,111,128,128.5,незараховано
Ганна Ілляш,True,108,101,183,128.4,незараховано
Олександр Богданіш,True,104,185,104,128.29999999999998,незараховано
Андрій Максиміш,True,124,161,101,128.2,незараховано
Іванна Олексіїш,True,160,100,114,128.2,незараховано
Софія Сергіїш,False,111,107,172,128.1,незараховано
Віктор Анниш,True,113,144,132,128.0,незараховано
Марта Тетяниш,True,106,112,173,127.9,незараховано
Ірина Анатоліїш,False,132,146,104,127.8,незараховано
Олександр Володимириш,True,109,118,162,127.6,незараховано
Ніна Лідіїш,False,155,116,102,127.39999999999999,незараховано
Ярослав Ілляш,False,101,129,161,127.39999999999999,незараховано
Віктор Іваниш,True,115,168,103,127.30000000000001,незараховано
Софія Ковтун,True,123,106,154,127.19999999999999,незараховано
Іванна Людмилиш,False,129,145,107,127.19999999999999,незараховано
Людмила Ярославиш,True,122,126,135,127.1,незараховано
Олексій Ковтун,True,112,103,171,127.0,незараховано
Ганна Анниш,True,106,146,136,127.0,незараховано
Юлія Оксаниш,False,151,109,113,127.0,незараховано
Ганна Ігоріш,False,102,130,157,126.9,незараховано
Тарас Петріш,True,127,117,136,126.7,незараховано
Юлія Товтиш,True,133,140,105,126.7,незараховано
Олександр Ігоріш,True,159,105,105,126.6,незараховано
Іван Володимириш,True,101,142,145,126.5,незараховано
Віктор Ніниш,False,130,108,140,126.4,незараховано
Лідія Дмитріш,True,143,108,122,126.19999999999999,незараховано
Іванна Загвойко,True,134,128,114,126.19999999999999,незараховано
Ольга Артеміш,False,116,129,137,126.19999999999999,незараховано
Ніна Дмитріш,True,121,153,106,126.10000000000001,незараховано
Богдан Олексіїш,False,112,112,159,126.1,незараховано
Тетяна Неборачко,False,107,113,164,125.9,незараховано
Сергій Володимириш,True,152,108,109,125.9,незараховано
Сергій Ганниш,False,106,118,160,125.80000000000001,незараховано
Сергій Олениш,False,109,124,150,125.8,незараховано
Дмитро Сергіїш,True,130,115,131,125.8,незараховано
Юлія Загвойко,False,108,157,118,125.70000000000002,незараховано
Юлія Анниш,False,102,132,151,125.7,незараховано
Тарас Людмилиш,True,102,102,181,125.7,незараховано
Володимир Максиміш,False,108,168,106,125.39999999999999,незараховано
Петро Оксаниш,True,125,121,130,125.3,незараховано
Тарас Лідіїш,True,121,108,148,125.20000000000002,незараховано
Дмитро Михайлиш,False,109,122,150,125.2,незараховано
Людмила Лідіїш,True,103,148,132,125.19999999999999,незараховано
Ганна Іриниш,False,102,117,164,125.1,незараховано
Артем Олегіш,True,112,104,163,124.9,незараховано
Ольга Наталіїш,True,100,157,126,124.89999999999999,незараховано
Павло Дмитришенко,True,116,146,115,124.7,незараховано
Олександр Товтиш,True,116,139,122,124.69999999999999,незараховано
Ілля Іваниш,True,124,150,100,124.6,незараховано
Павло Ганниш,True,115,131,131,124.6,незараховано
Ілля Неборачко,False,129,136,107,124.5,незараховано
Ілля Дмитріш,False,149,104,112,124.4,незараховано
Ірина Ярославиш,True,101,166,114,124.4,незараховано
Олександр Загвойко,False,116,129,131,124.39999999999999,незараховано
Ігор Людмилиш,True,104,123,152,124.1,незараховано
Максим Загвойко,False,101,105,174,124.1,незараховано
Андрій Неборачко,True,136,107,125,124.0,незараховано
Роман Ілляш,True,118,117,139,124.0,незараховано
Сергій Неборачко,True,100,115,165,124.0,незараховано
Іван Андріїш,True,111,143,122,123.9,незараховано
Ярослава Романіш,False,153,106,102,123.6,незараховано
Анатолій Дмитришенко,True,101,138,139,123.5,незараховано
Наталія Іриниш,True,125,129,116,123.49999999999999,незараховано
Ілля Андріїш,True,124,130,116,123.39999999999999,незараховано
Ілля Маріїш,False,102,116,159,123.29999999999998,незараховано
Дмитро Анниш,True,117,136,119,123.29999999999998,незараховано
Ніна Петріш,True,105,136,134,123.0,незараховано
Марта Катериниш,False,109,108,156,122.8,незараховано
Анатолій Софіїш,True,127,112,127,122.5,незараховано
Наталія Олексіїш,False,139,122,101,122.5,незараховано
Вікторія Михайлиш,True,130,121,114,122.5,незараховано
Наталія Софіїш,True,103,125,146,122.5,незараховано
Ярослав Андріїш,False,122,105,140,122.30000000000001,незараховано
Андрій Олениш,False,122,126,119,122.29999999999998,незараховано
Катерина Вікторіш,False,141,118,101,122.10000000000001,незараховано
Віктор Алібіба,True,102,164,106,121.8,незараховано
Сергій Андріїш,True,150,106,100,121.8,незараховано
Вікторія Оксаниш,False,108,121,141,121.8,незараховано
Олег Ганниш,True,117,146,103,121.5,незараховано
Лідія Людмилиш,True,122,117,124,121.1,незараховано
Олег Ілляш,True,139,108,110,121.0,незараховано
Сергій Оксаниш,False,134,118,106,120.8,незараховано
Володимир Людмилиш,False,100,112,157,120.69999999999999,незараховано
Петро Михайлиш,True,125,104,131,120.5,незараховано
Катерина Романіш,True,141,101,112,120.30000000000001,незараховано
Ольга Олегіш,True,107,123,135,120.2,незараховано
Лідія Олегіш,True,118,101,142,120.1,незараховано
Ярослава Софіїш,False,123,115,121,120.0,незараховано
Тетяна Тарасіш,True,144,107,101,120.0,незараховано
Ганна Максиміш,False,107,145,112,119.9,незараховано
Тетяна Дмитришенко,False,100,126,140,119.8,незараховано
Максим Вікторіїш,False,110,101,151,119.6,незараховано
Марта Олександріш,True,125,129,103,119.6,незараховано
Оксана Максиміш,False,104,142,117,119.30000000000001,незараховано
Ганна Сергіїш,False,105,144,113,119.1,незараховано
Наталія Артеміш,True,101,123,139,119.0,незараховано
Ілля Ярославіш,True,106,140,115,118.9,незараховано
Ярослава Володимириш,False,109,108,142,118.6,незараховано
Роман Ярославиш,False,123,129,102,118.5,незараховано
Марта Ярославиш,False,125,103,125,118.4,незараховано
Артем Анатоліїш,False,108,115,135,118.2,незараховано
Ілля Олегіш,False,125,124,103,118.1,незараховано
Максим Ілляш,True,109,106,142,118.0,незараховано
Ігор Олегіш,False,102,145,112,117.9,незараховано
Олег Анатоліїш,True,134,109,105,117.8,незараховано
Юлія Ковтун,True,111,128,116,117.60000000000001,незараховано
Ігор Андріїш,False,113,103,138,117.5,незараховано
Наталія Іваниш,True,111,136,107,117.30000000000001,незараховано
Ніна Ковтун,True,108,103,144,117.29999999999998,незараховано
Віктор Іванниш,True,107,115,133,117.20000000000002,незараховано
Анна Ганниш,False,114,100,138,117.0,незараховано
Максим Дмитришенко,False,107,143,103,116.6,незараховано
Олена Неборачко,False,107,109,137,116.6,незараховано
Ольга Олексіїш,True,103,134,117,116.5,незараховано
Оксана Михайлиш,False,126,112,108,116.4,незараховано
Ілля Товтиш,False,104,138,111,116.3,незараховано
Дмитро Дмитріш,False,127,111,107,116.19999999999999,незараховано
Ірина Іриниш,False,120,100,126,115.8,незараховано
Роман Богданіш,False,109,110,130,115.6,незараховано
Анастасія Оксаниш,True,103,131,117,115.6,незараховано
Андрій Ганниш,True,100,115,135,115.0,незараховано
Анна Ярославіш,True,113,117,114,114.5,незараховано
Михайло Дмитришенко,False,100,135,112,114.1,незараховано
Олена Анатоліїш,True,116,113,112,113.9,незараховано
Ольга Товтиш,True,111,120,111,113.7,незараховано
Іванна Ковтун,False,101,132,112,113.6,незараховано
Володимир Андріїш,False,114,113,113,113.4,незараховано
Катерина Загвойко,False,104,136,102,113.0,незараховано
Олег Ярославиш,False,104,127,110,112.7,незараховано
Ольга Ігоріш,True,114,122,101,112.5,незараховано
Марта Анниш,True,120,103,112,112.5,незараховано
Олександр Ярославіш,True,115,118,103,112.30000000000001,незараховано
Ніна Ігоріш,True,100,111,130,112.3,незараховано
Оксана Алібіба,True,103,128,108,112.0,незараховано
Тарас Олександріш,False,119,102,110,111.2,незараховано
Іван Маріїш,False,113,105,110,109.7,незараховано
Олена Загвойко,False,102,107,114,107.1,незараховано
Анна Олексіїш,False,104,103,115,107.0,незараховано
Петро Лідіїш,False,109,104,104,106.0,незараховано
Богдан Тетяниш,False,101,100,113,104.30000000000001,незараховано
